val/loss,val/error_c,val/error_u,val/error_v,val/error_w,val/error_p,val/loss_best,epoch,step,train/loss
713.8950805664062,0.4297037720680237,1.0002028942108154,1.0004597902297974,0.9984626770019531,0.9998931288719177,713.8950805664062,0,423,
,,,,,,,0,423,0.029054483398795128
713.9340209960938,0.3616913855075836,0.9988545775413513,0.9888222217559814,0.9971083402633667,0.9999179840087891,713.8950805664062,1,847,
,,,,,,,1,847,0.015611005015671253
713.9821166992188,0.3452354371547699,0.9981923699378967,0.9837485551834106,0.9973706603050232,0.9999545216560364,713.8950805664062,2,1271,
,,,,,,,2,1271,0.013658965937793255
